Version,ReleasedAt,ZoneCount,TarballSize,SHA256
2000a,2025-11-10T01:08:02Z,363,110604,da127977a0bd4832fadb45b81ebc084dbbca8b02cb23487a0d83174929ff5dc6
2000b,2025-11-10T01:08:02Z,363,104115,7b0a6e582b0973106e63965d94e362903ee5e387f10999bacb8796e23eebdcdb
2000c,2025-11-10T01:08:02Z,363,104290,263862e60d7c0ddf93d660489c4250cf0088a306b324b31c25bf6c9ce03916d2
2000d,2025-11-10T01:08:03Z,363,104431,287f1e87957cc79d6f8cfb085473ef147a338621b486b346d819b681d0f03365
2000e,2025-11-10T01:08:02Z,365,104973,a121d69fd837a0e99b0b807d0b5de447344b7660011bdbdc0b8d6ba6ed81b26f
2000f,2025-11-10T01:08:02Z,365,105203,c70b89795dd46b06cf16f3bd19f85f817173d3964478b680fbcf956ee32d928c
2000g,2025-11-10T01:08:02Z,366,108631,41c608cbacd4a6ccc39e835062841ee08c76f289e1ede77aa51435bdffbc5dab
2000h,2025-11-10T01:08:02Z,368,110389,b69cdac96691679157077fbd375c50588e25e8f0bb0a5d6c942ae8e8745baacf
2001a,2025-11-10T01:08:02Z,368,116738,49cd0f48fd1d7f81e5aad3b1244cb1338b770b8e3e1f5e0c9af9b7222e3062ea
2001b,2025-11-10T01:08:02Z,368,117715,9ec6c36fe2af023f58938f83e3ffb7d489fb4447e2cd52917557761bcdeb6784
2001c,2025-11-10T01:08:02Z,369,122380,481ed23a9e705e0bb86e3634f89ff3028e86dbe31ce9088db9834620985b47bd
2001d,2025-11-10T01:08:02Z,373,127898,ef1b55d0d611a4be164d1209013fff6727cddc1fde858ebb6dcd3f903760b62e
2002a,ERROR,0,0,ERROR: HTTP Error 404: Not Found
2002b,2025-11-10T01:08:02Z,375,129398,d1a9d1c36b1d08745d405cf2e5ed4c7224093a8d53f141b90d5bed5641f5e59d
2002c,2025-11-10T01:08:03Z,374,130510,f85e764207a693f8cc10ac7259da28029bfb1c3409c02274ec45cb52689c5fa3
2002d,2025-11-10T01:08:02Z,374,132441,357cebd44837bc255e01f65072325b26590b3d4c7abb3e850a21e2ee18699a57
2003a,2025-11-10T01:08:03Z,375,134939,d804af81f58ece4b13700f7b59f970354a213d82f010349d4b3146ad5a0b864e
2003b,2025-11-10T01:08:03Z,375,134902,d62280b493eaabd094c69b92dbbc4e62432310e71d90965597959cbce11e2c1b
2003c,2025-11-10T01:08:02Z,375,134902,aeb4aa79d15d5b4a4dc56f4e16ac2991188edca7046be78e497c082f0b5a1770
2003d,2025-11-10T01:08:02Z,378,136734,6f9eb3f50ac114994a50ceb411d8e064514b3ebd7b2d25eff703ae4be4e8ea88
2003e,2025-11-10T01:08:02Z,378,137661,0a1216c18395ec1dfe0557ba37aed932db1237d6a4d6bcd8d02d36c589079d79
2004a,2025-11-10T01:08:03Z,378,138062,ad07c4ab84ea8c87aa07220d421d02d95fd14e2a8de5e78f443949fe992886e3
2004b,2025-11-10T01:08:02Z,385,139190,2e0b133c09b35632e994e05ce732221c40b1bcdcab3030eaac1b9d0b816c2a7a
2004c,ERROR,0,0,ERROR: HTTP Error 404: Not Found
2004d,2025-11-10T01:08:03Z,385,139671,5f29f06a404cfc437402b54cff64158c7cd1af81f97101fc6b516a51ab3ea206
2004e,2025-11-10T01:08:03Z,385,140264,1c50a26f165f38cfd9bf65b913f58fa849463c5d395faf38dd579916427aced8
2004f,ERROR,0,0,ERROR: HTTP Error 404: Not Found
2004g,2025-11-10T01:08:03Z,385,140569,950efec3d662b31f617cf79cc6d99ffe84f2269f8ba9a892aa5c0662a51adcfc
2005a,2025-11-10T01:08:03Z,385,140574,5157c42015c8068068a8510c0f9dc07586169ee5a8fc99c691783126fe3b42c1
2005b,2025-11-10T01:08:03Z,385,140548,6a4bc268eff4e4ce9b012cfca9ba1efeb52c9ee5d696f48c9c4b6440929ad40e
2005c,2025-11-10T01:08:03Z,385,141048,9d883f614f6a73cef98e137466e464954900bf8ddf25cd6c4e87f103c81dc7a1
2005d,ERROR,0,0,ERROR: HTTP Error 404: Not Found
2005e,2025-11-10T01:08:03Z,385,141038,54fa34db60e0d867c6384f7d91e04eba91e5b0bc7e9c90384f47186bde913691
2005f,2025-11-10T01:08:03Z,385,141671,1ce924ac48678710d228483d65ef79bf2cfc4735fda0dec2d8af3343c57d2f3c
2005g,2025-11-10T01:08:03Z,385,141736,60e842ee850a0910e90c898e258ec4b9548264e285bd0d0db2d8dac460ce5679
2005h,2025-11-10T01:08:03Z,385,142443,6e6a21957097f8c7e8d5b78c814aabf6647130a2db12000d4244f261ea0367d6
2005i,2025-11-10T01:08:04Z,385,143858,8f416e8816d4ee3a53f218639d2aa00731e951a884d689ac76e2766b2169d610
2005j,2025-11-10T01:08:03Z,385,143867,0d5a71126fe16439eb50552d0734873cbca48ddf9d5143a30a0bfd669f363bae
2005k,2025-11-10T01:08:03Z,385,142973,c091080e1562a6c3673ef84e3a988c0d96baeba9959fc55f904b10ff520ee5f6
2005l,2025-11-10T01:08:04Z,383,146084,9fca3fd22acc1a8488ee5cdfe523701acef936299944384235fe5cb37b1fc748
2005m,2025-11-10T01:08:03Z,383,146433,406a84f30884e6dcbbdb827152216e7a6d1284fb118d7cf4498c998575dd9339
2005n,2025-11-10T01:08:03Z,383,147122,3a9d172a56f6535f1361f972bbba9228f83e4f5ab594b43ef0df09bef1df8302
2005o,2025-11-10T01:08:04Z,383,147729,f8dc475e443e259e9f69b65523974338dee4393c8d73779847c2cc49261c6933
2005p,2025-11-10T01:08:03Z,383,147633,d0713c9e0e99990185ab00e5a5cedb17d2b502b49826874170af2de50612a734
2005q,2025-11-10T01:08:03Z,383,147400,d260f2a89499c2ca76ad87d33bad360c9a858b1503a192c71ffea06529716996
2005r,2025-11-10T01:08:03Z,383,148080,5cd4058b54fd2ce9d63af112847aaa2141db955726c416071c37050a2756e648
2006a,2025-11-10T01:08:04Z,386,149612,76c5d3b373c8f65968fd6e7bb2222fb0f0e33ef1a58c519527aa68c537d2b448
2006b,2025-11-10T01:08:04Z,386,149555,aab3cf0e8c9db27df345571e224d04ed0cd7e41399bd59dd3db20d9c3b45beb2
2006c,2025-11-10T01:08:04Z,387,150700,54f07a727eff281cebd7d997726584207eb6bfbf8080f9b32f085963b1070aa1
2006d,2025-11-10T01:08:04Z,387,151300,67993be3fd800f82f552171cab781a5736b1a5c0bc834e29e83a4be5d7b5b321
2006e,ERROR,0,0,ERROR: HTTP Error 404: Not Found
2006f,2025-11-10T01:08:05Z,387,152849,95eb97eae2efbd355b2f7e3aef50b2cb971246966dcd0cd692d6f178df341f0c
2006g,2025-11-10T01:08:04Z,387,153042,028a5d8bc3771876cf43b497e8b8691acae8263af34b0a8de3e014f01a5558d0
2006h,ERROR,0,0,ERROR: HTTP Error 404: Not Found
2006i,ERROR,0,0,ERROR: HTTP Error 404: Not Found
2006j,2025-11-10T01:08:04Z,392,156045,afa77e59020f7d111ba8059cc8877b4f6dd972a3d3a14c118a2b876269c9ee84
2006k,2025-11-10T01:08:04Z,392,156379,2d74ecaedd4a8b8c5ee6d74b7fe776ddf5f73fbb6cb39718d3d677d49fba99a5
2006l,2025-11-10T01:08:04Z,392,157067,b142459df80b724ca7d8eec0020b1bd97bbbc58f9223b8a3774151cbc5ba48d2
2006m,2025-11-10T01:08:04Z,392,156907,b0c42aa6e48d1eb4ad79aa3961541ff536f139c955a49893171814dead78d6a1
2006n,2025-11-10T01:08:04Z,393,157084,406896398bb307eea317758790f320e3d5f2c61eceb7442ec1461c7bfcd66a60
2006o,2025-11-10T01:08:04Z,393,157064,89637e234141fb03f5485b1fb7bf871202568c8daf5933e5e4a04b4ceabf3dfa
2006p,2025-11-10T01:08:05Z,393,157220,6b246374b468d8ead477541f4624b74cd1da2b3de7ef757a3fc40ca29cfb29bc
2007a,2025-11-10T01:08:05Z,394,157506,7866826c0fd0810af2bb2b240c81961b0350c1fa42db870baa33c6126039e0d3
2007b,2025-11-10T01:08:04Z,394,157432,f1dcc1c615a792c0f72704119faf141e7408f8c94d876e478e052fa33b5a1cb1
2007c,2025-11-10T01:08:04Z,395,158198,3575df0a341fef53240620423da519c6cba16212ab8b2576c9595b80deaf3af2
2007d,2025-11-10T01:08:04Z,396,159373,33e6f84422c84bc02d83bb03fd741479896a9bb485fea3424afc406c32fb2278
2007e,2025-11-10T01:08:05Z,396,159753,51d14a60ea12aa901bf91e5d39ea30c13ffdc299640e8ec9cb0d35a128874767
2007f,2025-11-10T01:08:05Z,396,160513,cfedfd49351d41da0fe5a26be2eadc8ae0cf1b5b1cea1d31aafb6913f907493e
2007g,2025-11-10T01:08:05Z,397,161080,082943adc009753b046227f143051ef41d9c549292f0415242188aaac9e2ee5b
2007h,2025-11-10T01:08:05Z,397,162187,8f16f0db83073c8ccb3702f9173c4991200c78e64ebd358fce9cbbf4371a2148
2007i,2025-11-10T01:08:05Z,397,162977,70bb254ae0da44d71f6d0932ffe34f61457bf41c38dfd389a7bf5bfb544a362b
2007j,2025-11-10T01:08:05Z,399,163202,0319a3dc08f05a92b5c409cc7278a45fa6194bcdfdd27918554bd3d8d6d33c6d
2007k,2025-11-10T01:08:05Z,398,163688,37e986086ce1a1ccb9a4f24c2b77ede54f0eae2ee9959e7a191a49cedb405783
2008a,2025-11-10T01:08:05Z,398,163981,104a270bdc7a511cffd41d2722ff3fafd0caf221b4344263316177e8a64abbf1
2008b,2025-11-10T01:08:05Z,399,166544,633d76612d73a7add41a3b90fe5721ea5f4282d52bd8408b9d4fab261443aa6c
2008c,2025-11-10T01:08:05Z,399,168440,ae32f514a57bbd4d8ff5ec280aa0eb7c27cb6c8c9a9167a1397e6788900cb41b
2008d,2025-11-10T01:08:05Z,400,170157,913b384dfcf541d340f251bc20cf2475d8f13a38ad38acfc2d901fc3c7bc4a71
2008e,2025-11-10T01:08:05Z,400,171200,ddd526edfaf0d43fbe8facf772feb13266ae3cdddaf69a612b7a74cf37036548
2008f,2025-11-10T01:08:05Z,400,172882,81e0d0d86acd072f233a7ac9413f95f147ac64355e3d09708c228af115c05678
2008g,2025-11-10T01:08:05Z,400,173126,78a90cf70e9cd661ba253236b558216d2f707f3457b20a05e7ede04ab5acf0b6
2008h,2025-11-10T01:08:05Z,400,173655,64070f1f31ab64f6c36f50cd462df9a74a6fa3613d73384c8dd62c3e8f716df3
2008i,2025-11-10T01:08:06Z,401,174009,ec8824897cc79308b4ec6946a049d4680539e8de9c764b592bcf126f9060d7af
2009a,2025-11-10T01:08:05Z,401,174994,c704d5a99f4e995b68e0463f206aad38dbddea7e9338d0ccc0abca901dd40100
2009b,2025-11-10T01:08:05Z,401,174900,f2c4e8f816a1e15c46ec78e23fcbe18d559e925cc2c99799243e5a749b2a8c68
2009c,2025-11-10T01:08:05Z,401,175126,3dd1bd0014e7c9a74cab9a21fd32c9cadd30b2c69340f32a685e7b52207c1db8
2009d,2025-11-10T01:08:06Z,401,176911,f884ff8af90824cac55786e4b3a6048af10702a5f15036bf55f33d74704ad102
2009e,2025-11-10T01:08:05Z,401,177453,6f4e88fefd72b9ed9c6fde56ebc434c86cd597114685bf98ae7aab031a8cce8c
2009f,2025-11-10T01:08:06Z,401,177771,654b309a0c130a156cc81787f8af4dc9a517d283606f420e89364bc93c83da6c
2009g,2025-11-10T01:08:05Z,401,178224,da033acc418328edcb32a089c26c1f6a828f596b4f3aa26c9319e3ab19e05073
2009h,2025-11-10T01:08:05Z,401,178764,4eaa785fccc13fe26a1c92518e59108b78422115eaf9cb5a6bb95168bb5e92ab
2009i,2025-11-10T01:08:05Z,401,179184,475b52311b2e0267cfb81138af1b985384ea53ce71b2d39744d7645f1e48db6e
2009j,2025-11-10T01:08:05Z,401,179277,ab6fb5b3588208ab0cade05dfa8d6ef9516bc719613a0676137e56c336cb7bb7
2009k,2025-11-10T01:08:05Z,401,179697,fa82480e7e291b2273c7e4c0bc934aa93bc8567525ff7042cc821db816aa303a
2009l,2025-11-10T01:08:06Z,401,180137,a0caab89a45261137f38f61d19329fffe0e45e2c6d6e7a9b70ebef37c0fdde5f
2009m,2025-11-10T01:08:06Z,401,180717,7609980204940ceaf74b5a48d15ea0c079eaec627e149cf3d986cfed268881fe
2009n,2025-11-10T01:08:06Z,401,181140,7b08bb8a98ad8a06e2cafda05ab21f2a69b2d64252dfc9435c93094d979e7c5a
2009o,2025-11-10T01:08:06Z,401,182254,5fbd4053a4eb01b814799855e35a3c01743f98acf9fcd167522e6484a2edd7b7
2009p,2025-11-10T01:08:06Z,401,182635,7182ad6f03bfe16ccdbac4a3efb9e765ea7c51afc33c3a7fefb053122aa6da2c
2009q,2025-11-10T01:08:06Z,402,183958,5ea1abc8b08dd7f67b53488a497d61f9617ed92d094e508e103049430518a19a
2009r,2025-11-10T01:08:06Z,402,184143,684d23e3ebe825c9db90732534446f4e33f5ad4455980b15fd9eb2e4ba5a6731
2009s,2025-11-10T01:08:06Z,402,184326,ee9000a0276675ed697f8d404edf80104fd338c3fb979907e4ee63ca83d65e5e
2009t,2025-11-10T01:08:06Z,402,185585,e9968d213481d7a869ba1afe6167d78d57320364487be9a74e04910a9fce3f85
2009u,2025-11-10T01:08:06Z,402,185958,7cbd82597590ca279e042dbeace91553806c4b4dbff25c34b843a4f1d07e0384
2010a,2025-11-10T01:08:06Z,402,185948,d9dab04cbbc52a7f19363958402b1c9cc6724e587f2af822c3e40e52767dfee8
2010b,2025-11-10T01:08:06Z,405,187080,a93208ae389cc0d3618731cc9f406ba2cfc6aac39668a06c687d3fae2a7e8210
2010c,2025-11-10T01:08:06Z,405,187292,e5fa92874b6f051166cf2fc2dced0dea165c4d7508a173ea6d232bdee7e05201
2010d,2025-11-10T01:08:06Z,405,187453,c18916b1e0d91dd7a0f8a26a570e40db06bdd0dc06cf8d66c06f78704d8b3b78
2010e,2025-11-10T01:08:06Z,405,187452,09ebe8787560ef0a0b8b27a115d0d79d4b9e4ed9d48e768426c59ad18b73abd6
2010f,2025-11-10T01:08:07Z,406,188147,823361e38da3f79a34c0adb835b1b6d2ae640937e3f7a7f4a2181500eeff0e94
2010g,2025-11-10T01:08:06Z,406,188032,a069dbea2989613466f9f4adb6de381efb46aeb9ff89e03fabb23dcae2c4cd90
2010h,2025-11-10T01:08:06Z,406,188402,a4918d60f63440ba9b6050205881e8a98d718dc0c2b7df5955f43e781eab6e7d
2010i,2025-11-10T01:08:06Z,406,189130,bee0a26cca54db3413416d968c0a6361d83188b112d2512559d0e3602f254dc3
2010j,2025-11-10T01:08:06Z,407,189870,dcf2101d0c5bb20a7f182866ea3e52b54c8f4d129c025a96c9a31377676f554b
2010k,2025-11-10T01:08:07Z,407,191382,ef69c99504c0fd9864ba8ef1daae5f2d4df097cf7dc350f09b8f70386272408d
2010l,2025-11-10T01:08:06Z,407,191467,bae7b4a8364f7ab3d6d644eb6075de1e9a0c72fb3fb5843fc217d2ff57408577
2010m,2025-11-10T01:08:07Z,407,191470,1454a13a32e23e81195404d00ab97a64a356e9a5852fc7d121ed7e58cbdb75aa
2010n,2025-11-10T01:08:06Z,407,191593,5946bff5cef28feda6cff241f03c84e528cd4fcc0c2b27b537f52994f8afc70b
2010o,2025-11-10T01:08:06Z,407,191722,cd0f3799688b3b870cd988505e47c2975b1808e73ec0677bc9db4b705b534c07
2011a,2025-11-10T01:08:06Z,407,192593,782c691b4750bdefeb84063128db685a8b8f31dc2efb887ee841ae105bfa747b
2011b,2025-11-10T01:08:06Z,408,193030,ff45f5ddc2ec925249626d00d7bc2ffff587e0956a1d8245517a023bf27e4cc9
2011c,2025-11-10T01:08:06Z,410,194151,c08fbf767280a6f6dc450306a39d3b5818a0a9792a0991320e00a1bb91e91a3b
2011d,2025-11-10T01:08:07Z,410,194588,415a54774094e8dcdc9ba141fafbee4b3b2f2140a5b8cf012eea4b37fb9a23bd
2011e,2025-11-10T01:08:07Z,410,195424,44fef01de4589a4979eb6b5fdbbfd21a3b135852af1ecbfb9e0368ae47392c79
2011f,2025-11-10T01:08:07Z,410,195689,9b7431f25afbc154290a4075e43dc8841ed11d602faaf5a861db7a334a6d37a4
2011g,2025-11-10T01:08:07Z,410,195818,01a2a189eeda63baacc5e68e6c13afffc7edce182102fffc53acbf35e8703d3c
2011h,2025-11-10T01:08:07Z,412,196441,c098786d053736dd18d4f1fbebdf41554c6fd702a36f75c18f1c66712d2abc24
2011i,2025-11-10T01:08:07Z,413,198665,f8dde7ca5e61f21ac34c8cdbef5568d00c829981211098f059d8104964c81ffa
2011j,2025-11-10T01:08:07Z,413,198820,7e8540a85f1b474df1b40b403bea5748311ca7731b3038e51d6abc7f2d223c2a
2011k,2025-11-10T01:08:07Z,414,199725,51f7d2a42b7fb9465feced642a6676afdf8b04a071e55f3fef1f0925bd67ef21
2011l,2025-11-10T01:08:07Z,414,203374,cb9fec68a19c9c3b900bb71f3ca20d0051a863f765387b52fc2d144a5bbb0c7d
2011m,2025-11-10T01:08:07Z,415,204214,c8e01f5b4a3cd8b8aee84b4befb4b671cef34353e5af022ed22071f5b86ef5f4
2011n,2025-11-10T01:08:07Z,414,204684,a343e542486b2b8ebdeca474eed79f1c04f69420ca943c2b9bdea1d2385e38cd
2012a,2025-11-10T01:08:07Z,415,207574,c28f731e19e7b612e26b2a41e9089ebe0c67bad422d2b7882e4b32983277ee7d
2012b,2025-11-10T01:08:07Z,415,207782,2f9f8e2d1ae087be5917f60c3946e8dc3fe1068d7738c3395f2125135309e745
2012c,2025-11-10T01:08:08Z,415,206206,33e19e1dd27bda5239812587d72971509a15b59baff7abd692b77ff66f168a82
2012d,2025-11-10T01:08:07Z,415,206219,46c0e92a7aa89c3cfe571b585ceb6958bb444604aea3e09587f2cbe474c95575
2012e,2025-11-10T01:08:07Z,415,206251,061c1c289e792f3661135d5ec542e4f9417d3cd7f232f3d54c1949573aadd0fc
2012f,2025-11-10T01:08:07Z,415,206404,afe95a49a445ee55391d2d4beccd4be6d61a090d5d8069c407390ff1502c26cc
2012g,2025-11-10T01:08:08Z,415,213055,9a82e74f798d69c18b48e0128c46b6ea10132d9495cbcc4105e7483150a85bac
2012h,2025-11-10T01:08:07Z,415,213675,65e53218eff4f71f8e7eaa0ae52aecec79e0ba186bd5badc27c099118d4cd065
2012i,2025-11-10T01:08:07Z,415,213961,c9e5b6b6a2031236126409b3595cd8e1a730febc1e8b3802fdbdb417977cf162
2012j,2025-11-10T01:08:07Z,415,214075,4b6a3c2831bdbb68ab1a1bf906bcf11d18ab78009713a0339da6fe96b6afceaa
2013a,2025-11-10T01:08:07Z,418,217511,ed9f273f52d5df9ec09fdcf6684176bbdc86d0fbafcbc27b97e5a9c103024afc
2013b,2025-11-10T01:08:07Z,418,218441,70d589d0e76a3749403d2bb404e9214c2520dda4c13e4b07b1b945ed2c64edb2
2013c,2025-11-10T01:08:07Z,418,218466,e597a7eb239155eb2247fd4788f7fa10bf21d6469961200a6ca202f19cc15c87
2013d,2025-11-10T01:08:08Z,418,218918,cd1c96f0676e0edceebc6a418a2222ffb05becb41180dd9f847b9c7cef303b04
2013e,2025-11-10T01:08:07Z,415,223546,d02891fbcca61d527263e9250b8cef2c93396ca05cd723832f04fe79e4058d97
2013f,2025-11-10T01:08:07Z,415,223967,5b72ed29bea75e0b59cbd3f575db0aac62f96a2a36e652725f674a92a95d4ada
2013g,2025-11-10T01:08:08Z,415,226943,b6cdd3998dcc732a6ae5e101e1394f9d4d6dff68bd48a8fb78c44c2b997d3a4f
2013h,2025-11-10T01:08:08Z,415,227411,6b9e17e823eec0e09e12f74b452a70be4face1ef14c2fb1917b7c7e60564de27
2013i,2025-11-10T01:08:08Z,415,218866,1cd56a6ee964143ef0c65229968a5093988335b95e9115235b5e7b7e45e67dda
2014a,2025-11-10T01:08:07Z,415,219826,7cff254ce85e11b21c994b284bccd1e12ecda9dadf947fbb32e1912fd520e8b1
2014b,2025-11-10T01:08:08Z,416,220771,d1e1f3e0c253a8ac0b35ffe27ef95f6366c37beb953391806cd922efce2b1cb5
2014c,2025-11-10T01:08:08Z,416,221322,aa2924e012644de3a6cc3160ffff690cb3afecf350af435daefa43bb669fb8f1
2014d,2025-11-10T01:08:08Z,416,221406,4b4966912f5d4a299b0bdf47e6f3103d82dc6a0b5a6b321e2b9d5662597a62f0
2014e,2025-11-10T01:08:08Z,416,221587,08e243a79051f838d86ac1311a78b74047951302d448024e823b5b7aa71f86c5
2014f,2025-11-10T01:08:08Z,415,231421,eed690a72124f380bcb14947d398a7a482acb9ab792ae78bd4554e52c5ca2001
2014g,2025-11-10T01:08:09Z,415,284889,5547d5b7a982f7f53fffe68cb2a13692553f591a17d58c8ef15b20679d82a270
2014h,2025-11-10T01:08:08Z,415,286472,e78152f616fb07c1dea124215ffca57d0de66d8897e00896086542e3de30f69e
2014i,2025-11-10T01:08:08Z,416,289312,2af331bdd2b794ec59b8ded7300fb29dc3573a009ec14183f5c9ad38e3886153
2014j,2025-11-10T01:08:08Z,416,290688,a2d870320694d40535df822ac8074dc629a90e92abafa5d3373314f78ddc0e0d
2015a,2025-11-10T01:08:08Z,416,292131,c52490917d00a8e7fc9b5f0b1b65ef6ec76d612b5b20c81bf86a04147af18e4c
2015b,2025-11-10T01:08:08Z,416,293482,556ac1a5b3a371adc1ad4e77138f78ddd7f8ddd7bc2b52545924598c7dc8ad62
2015c,2025-11-10T01:08:08Z,416,294353,860fac5f5f57f7a2dfc1ba682dbd1f5c0f0b597f761571277b6ed6561e22365a
2015d,2025-11-10T01:08:08Z,416,296131,8b9f5008277f09e251e97dba7813f56168d691115bda90ade4638d72f296d531
2015e,2025-11-10T01:08:08Z,416,296773,ffc9b5d38abda8277aa479e3f75aa7668819d0977cd1a0c8ef3b09128334ba6f
2015f,2025-11-10T01:08:08Z,416,298815,959f81b541e042ecb13c50097d264ae92ff03a57979c478dbcf24d5da242531d
2015g,2025-11-10T01:08:08Z,417,300363,b923cdbf078491696b17bc8d069c74bce73fabc5774629da2f410c9b31576161
2016a,2025-11-10T01:08:08Z,416,302817,5efa6b324e64ef921ef700ac3273a51895f672684a30e342f68e47871c6a8cd1
2016b,2025-11-10T01:08:08Z,419,305437,6392091d92556a32de488ea06a055c51bc46b7d8046c8a677f0ccfe286b3dbdc
2016c,2025-11-10T01:08:08Z,419,308625,8700d981e6f2007ac037dabb5d2b12f390e8629bbc30e564bc21cf0c069a2d48
2016d,2025-11-10T01:08:08Z,421,312481,d9554dfba0efd76053582bd89e8c7036ef12eee14fdd506675b08a5b59f0a1b4
2016e,2025-11-10T01:08:08Z,421,313684,ba00f899f18dc4048d7fa21f5e1fdef434496084eedc06f6caa15e5ecdb6bd81
2016f,2025-11-10T01:08:08Z,421,313286,ed8c951008d12f1db55a11e96fc055718c6571233327d9de16a7f8475e2502b0
2016g,2025-11-10T01:08:08Z,421,316669,3c7137b2bc47323b0de47b77786bacf81ed503d4b2c693ff8ada2fbd1281ebd1
2016h,2025-11-10T01:08:08Z,421,318714,da1b74fc2dec2ce8b64948dafb0bfc2f923c830d421a7ae4d016226135697a64
2016i,2025-11-10T01:08:08Z,422,320352,b6966ec982ef64fe48cebec437096b4f57f4287519ed32dde59c86d3a1853845
2016j,2025-11-10T01:08:08Z,424,321185,f5ee4e0f115f6c2faee1c4b16193a97338cbd1b503f2cea6c5a768c82ff39dc8
2017a,2025-11-10T01:08:08Z,424,323983,df3a5c4d0a2cf0cde0b3f35796ccf6c9acfd598b8e70f8dece5404cd7626bbd6
2017b,2025-11-10T01:08:08Z,424,324317,f8242a522ea3496b0ce4ff4f2e75a049178da21001a08b8e666d8cbe07d18086
2017c,2025-11-10T01:08:08Z,424,335571,d6543f92a929826318e2f44ff3a7611ce5f565a43e10250b42599d0ba4cbd90b
2018a,2025-11-10T01:08:08Z,424,339626,d2ea23a06783603a42c1a2665392e65958b0c8a341b2f2e7342d43343d7080dc
2018b,2025-11-10T01:08:08Z,424,340314,f87540b9050e1b0d772d19058fcb62f54baa505ecebf392ea825713c33bd9848
2018c,2025-11-10T01:08:08Z,424,341074,2825c3e4b7ef520f24d393bcc02942f9762ffd3e7fc9b23850789ed8f22933f6
2018d,2025-11-10T01:08:08Z,424,351271,5106eddceb5f1ae3a91dbd3960e1b8b11ba0dc08579a31cf0724a7691b10c054
2018e,2025-11-10T01:08:08Z,424,353953,6b288e5926841a4cb490909fe822d85c36ae75538ad69baf20da9628b63b692e
2018f,2025-11-10T01:08:08Z,424,366046,0af6a85fc4ea95832f76524f35696a61abb3992fd3f8db33e5a1f95653e043f2
2018g,2025-11-10T01:08:08Z,424,366408,02dfde534872f6513ae4553a3388fdae579441e31b862ea99170dfc447f46a16
2018h,2025-11-10T01:08:08Z,425,376711,b8cbcf3e46aed30ad27c40d5bed68c16cf759384d14cc6411b84460c88bdd91f
2018i,2025-11-10T01:08:08Z,425,377009,82c45ef84ca3bc01d0a4a397ba8adeb8f7f199c6550740587c6ac5a7108c00d9
2019a,2025-11-10T01:08:08Z,425,378961,90366ddf4aa03e37a16cd49255af77f801822310b213f195e2206ead48c59772
2019b,2025-11-10T01:08:08Z,425,384667,05d9092c90dcf9ec4f3ccfdea80c7dcea5e882b3b105c3422da172aaa9a50c64
2019c,2025-11-10T01:08:08Z,425,392087,79c7806dab09072308da0e3d22c37d3b245015a591891ea147d3b133b60ffc7c
2020a,2025-11-10T01:08:08Z,425,397245,547161eca24d344e0b5f96aff6a76b454da295dc14ed4ca50c2355043fb899a2
2020b,2025-11-10T01:08:08Z,425,400017,9b053f951d245ce89d850b96ee4711d82d833559b1fc96ba19f90bc4d745e809
2020c,2025-11-10T01:08:08Z,425,400801,7890ac105f1aa4a5d15c5be2409580af401ee2f3fffe2a1e4748af589e194bd9
2020d,2025-11-10T01:08:08Z,425,401479,8d813957de363387696f05af8a8889afa282ab5016a764c701a20758d39cbaf3
2020e,2025-11-10T01:08:08Z,424,411619,0be1ba329eae29ae1b54057c3547b3e672f73b3ae7643aa87dac85122bec037e
2020f,2025-11-10T01:08:08Z,424,411739,121131918c3ae6dc5d40f0eb87563a2be920b71a76e2392c09519a5e4a666881
2021a,2025-11-10T01:08:08Z,424,411892,39e7d2ba08c68cbaefc8de3227aab0dec2521be8042cf56855f7dc3a9fb14e08
2021b,2025-11-10T01:08:08Z,424,420593,53d9e6dbdb59dffe2b7bff59d140148181386c06e175fa69eaeb4cc83bc3deb7
2021c,2025-11-10T01:08:08Z,424,421791,b4f1d1c8cb11c3500276dac862d8c7e6f88c69b1e8ee4c5e9d1daad17fbe3542
2021d,2025-11-10T01:08:08Z,424,422399,d7c188a2b33d4a3c25ee4a9fdc68c1ff462bfdb302cf41343d84ca5942dbddf6
2021e,2025-11-10T01:08:08Z,424,422509,07ec42b737d0d3c6be9c337f8abb5f00554a0f9cc4fcf01a703d69403b6bb2b1
2022a,2025-11-10T01:08:08Z,424,425833,ef7fffd9f4f50f4f58328b35022a32a5a056b245c5cb3d6791dddb342f871664
2022b,2025-11-10T01:08:08Z,424,432594,f590eaf04a395245426c2be4fae71c143aea5cebc11088b7a0a5704461df397d
2022c,2025-11-10T01:08:08Z,424,432721,6974f4e348bf2323274b56dff9e7500247e3159eaa4b485dfa0cd66e75c14bfe
2022d,2025-11-10T01:08:08Z,422,433425,6ecdbee27fa43dcfa49f3d4fd8bb1dfef54c90da1abcd82c9abcf2dc4f321de0
2022e,2025-11-10T01:08:08Z,422,433785,8de4c2686dce3d1aae9030719e6814931c216a2d5e891ec3d332e6f6516aeccd
2022f,2025-11-10T01:08:08Z,419,436352,9990d71f675d212567b931fe8aae1cab7027f89fefb8a79d808a6933a67af000
2022g,2025-11-10T01:08:08Z,419,439731,4491db8281ae94a84d939e427bdd83dc389f26764d27d9a5c52d782c16764478
2023a,2025-11-10T01:08:08Z,418,442875,a2a27edb7af5a384cfcefdae9defad6a7ed23f3f2cfdaf3d5394c1e8299710bc
2023b,2025-11-10T01:08:08Z,418,443019,9b78fd264f95611fe987a95721456cd5aac9f55e6915be4a9ca2997bc7ce0e6c
2023c,2025-11-10T01:08:08Z,418,443902,3f510b5d1b4ae9bb38e485aa302a776b317fb3637bdb6404c4adf7b6cadd965c
2023d,2025-11-10T01:08:08Z,418,449767,dbca21970b0a8b8c0ceceec1d7b91fa903be0f6eca5ae732b5329672232a08f3
2024a,2025-11-10T01:08:08Z,418,451270,0d0434459acbd2059a7a8da1f3304a84a86591f6ed69c6248fffa502b6edffe3
2024b,2025-11-10T01:08:09Z,417,459393,70e754db126a8d0db3d16d6b4cb5f7ec1e04d5f261255e4558a67fe92d39e550
2025a,2025-11-10T01:08:09Z,417,462943,4d5fcbc72c7c450ebfe0b659bd0f1c02fbf52fd7f517a9ea13fe71c21eb5f0d0
2025b,2025-11-10T01:08:09Z,418,464295,11810413345fc7805017e27ea9fa4885fd74cd61b2911711ad038f5d28d71474
